order_id,customer_id,drink_id,store_id,qty,ordered_at,status,reason
201,5,3,2,0,2026-03-04T09:00:00+05:30,placed,qty must be positive
202,5,3,2,-2,2026-03-04T09:00:00+05:30,placed,qty must be positive
203,5,3,2,two,2026-03-04T09:00:00+05:30,placed,qty must be an integer
204,5,3,2,1,not-a-date,placed,ordered_at must be an ISO-8601 timestamp
205,5,3,2,1,2026-03-04T09:00:00+05:30,exploded,status is not supported
206,5,99999,2,1,2026-03-04T09:00:00+05:30,placed,drink_id does not reference an existing record
207,,3,2,1,2026-03-04T09:00:00+05:30,placed,customer_id is required
208,5,3,2,1,2026-03-04T09:00:00+05:30,,status is not supported
209,5,3,2,1,2026-03-04T09:00:00+05:30,placed,row must contain exactly the expected fields
